{
  "Logistic Regression": {
    "Accuracy": 0.769,
    "Precision": 0.7310756972111554,
    "Recall": 0.7926565874730022,
    "F1-Score": 0.7606217616580311,
    "ROC-AUC": 0.8557460654544284
  },
  "Random Forest": {
    "Accuracy": 0.76,
    "Precision": 0.7234468937875751,
    "Recall": 0.7796976241900648,
    "F1-Score": 0.7505197505197505,
    "ROC-AUC": 0.8387851876877782
  },
  "XGBoost": {
    "Accuracy": 0.755,
    "Precision": 0.719758064516129,
    "Recall": 0.7710583153347732,
    "F1-Score": 0.7445255474452555,
    "ROC-AUC": 0.8385639763344072
  }
}